accuracy,top_class_accuracy,bottom_class_accuracy,micro_avg_auc
96.78821392862244,100.0,71.97452229299363,0.9998206958912678
