epoch,train_loss,train_accuracy,val_loss,val_accuracy
1,1.5937053822439493,79.61813146771608,0.729159998390548,78.71095875503319
2,0.9013774858308968,90.95933537385221,0.3660626122103866,89.64386766786374
