epoch,train_loss,train_accuracy,val_loss,val_accuracy,epoch_time
1,1.4256917999493621,57.85623555698392,0.7234034899320677,79.28909565785177,6262.719009876251
