epoch,train_loss,train_accuracy,val_loss,val_accuracy,epoch_time
1,2.445091428610378,28.17287238112728,1.9889967200338996,40.31790728044401,6256.651612520218
