config,device,precision,batch_size,effective_batch_size,avg_time,min_time,max_time,std_time,throughput,memory_mb
gpu:0,1 GPU (P100),FP32,32,32,0.06305663585662842,0.06297659873962402,0.06317520141601562,5.2560893908763754e-05,507.4802923638085,5467.185546875
gpu:0,1 GPU (P100),Mixed Precision,32,32,0.05902625322341919,0.05883431434631348,0.059329986572265625,0.0001189203450076285,542.1316490965027,2809.958984375
"gpu:0,1",2 GPUs (P100),FP32,32,64,0.13744430541992186,0.1365199089050293,0.14061498641967773,0.0008882567251182008,465.64315490893756,2817.7607421875
"gpu:0,1",2 GPUs (P100),Mixed Precision,32,64,0.16140551567077638,0.15098237991333008,0.33478832244873047,0.03979038699118232,396.5168088217177,1524.8720703125
"gpu:0,1,2,3",4 GPUs (P100),FP32,32,128,0.21402626037597655,0.18781065940856934,0.33947324752807617,0.04206648378923547,598.0574522731202,1515.0498046875
"gpu:0,1,2,3",4 GPUs (P100),Mixed Precision,32,128,0.2295947790145874,0.20714879035949707,0.3679788112640381,0.04508032805257759,557.5039665508573,856.62890625
