epoch,train_loss,train_accuracy,val_loss,val_accuracy,epoch_time
1,3.1250100239328105,9.382795402721026,3.239748340518294,8.537381651975188,850.395340681076
